range of distance,number in the range
"(0.0,53.000003117193366)",1824.0
"(5247.000308602143,5300.000311719336)",1584.0
