range of distance,number in the range
"(139.99951803130884,190.7530566046744)",288.0
"(393.7672108981367,444.5207494715023)",1152.0
"(444.5207494715023,495.27428804486783)",552.0
"(546.0278266182335,596.781365191599)",528.0
"(749.0419809116958,799.7955194850614)",480.0
"(850.5490580584269,901.3025966317924)",456.0
"(1510.3450595121792,1561.0985980855448)",1.0
"(1662.6056752322759,1713.3592138056415)",5.0
"(1916.3733680991038,1967.1269066724694)",10.0
"(2017.880445245835,2068.6339838192007)",50.0
"(3032.9512167131466,3083.7047552865124)",1.0
"(3286.7189095799745,3337.4724481533403)",2.0
"(5012.339221074404,5063.0927596477695)",2.0
"(5164.599836794501,5215.353375367867)",1.0
