range of distance,number in the range
"(0.0,611.2258203949385)",1236.0
"(4889.806563159508,5501.032383554447)",1176.0
"(10390.838946713955,11002.064767108894)",612.0
"(15891.871330268401,16503.09715066334)",432.0
"(55621.54965593941,56232.77547633435)",33.0
"(58066.45293751916,58677.678757914095)",6.0
"(60511.35621909891,61122.58203949385)",33.0
