range of distance,number in the range
"(0.0,1766.6667705731122)",1824.0
"(3533.3335411462244,5300.000311719336)",1584.0
