range of distance,number in the range
"(0.0,530.0000311719336)",1824.0
"(4770.000280547403,5300.000311719336)",1584.0
