range of distance,number in the range
"(0.0,1148.08496)",3456.0
"(5740.4248,6888.509759999999)",2.0
"(8036.594719999999,9184.67968)",2.0
"(13777.019519999998,14925.104479999998)",2.0
"(17221.2744,18369.35936)",2.0
"(22961.6992,24109.78416)",2.0
"(26405.95408,27554.039039999996)",2.0
"(32146.378879999997,33294.46384)",2.0
"(35590.63376,36738.71872)",2.0
"(41331.05856,42479.14352)",2.0
"(44775.31344,45923.3984)",2.0
"(50515.73824,51663.8232)",2.0
"(53959.99312,55108.07807999999)",2.0
"(59700.41791999999,60848.50287999999)",2.0
"(63144.67279999999,64292.75775999999)",2.0
"(68885.0976,70033.18256)",2.0
"(72329.35248,73477.43744)",2.0
"(78069.77728,79217.86223999999)",2.0
"(81514.03215999999,82662.11712)",2.0
"(87254.45696,88402.54191999999)",2.0
"(90698.71183999999,91846.7968)",2.0
"(96439.13664,97587.22159999999)",2.0
"(99883.39151999999,101031.47648)",2.0
"(105623.81632,106771.90127999999)",2.0
"(107919.98624,109068.07119999999)",2.0
"(113660.41103999999,114808.496)",24.0
