range of distance,number in the range
"(0.0,5556.598367226714)",2412.0
"(5556.598367226714,11113.196734453428)",612.0
"(11113.196734453428,16669.79510168014)",432.0
"(55565.98367226714,61122.58203949385)",72.0
